precision_mean,precision_std,recall_mean,recall_std,auroc_mean,auroc_std,dp_mean,dp_std,ftu_mean,ftu_std
0.0,0.0,0.0,0.0,0.5,0.0,0.0,0.0,0.0,0.0
0.0,0.0,0.0,0.0,0.5,0.0,0.0,0.0,0.0,0.0
0.0,0.0,0.0,0.0,0.5,0.0,0.0,0.0,0.0,0.0
0.0,0.0,0.0,0.0,0.5,0.0,0.0,0.0,0.0,0.0
0.2,0.4000000000000001,0.00967741935483871,0.020655239475589834,0.5029339477726575,0.012005853914637321,0.010720149613916874,0.015014751814305782,0.003676470834761858,0.006779076997190714
