bias,name,precision_mean,precision_std,recall_mean,recall_std,auroc_mean,auroc_std,dp_mean,dp_std,ftu_mean,ftu_std
0,decaf_DP,0.9030991357076916,0.009489153477798907,0.6849999999999999,0.10043654713300333,0.7907142857142858,0.04742273522611842,0.16697161623270002,0.17055169319000965,0.06470588235294117,0.09563347345817122
0.25,decaf_DP,0.907409372884308,0.005709145734766055,0.7275,0.07369701486491838,0.8110714285714286,0.03424942275694109,0.09235280319024164,0.12761867861872536,0.03088235294117648,0.05401284609472635
0.5,decaf_DP,0.907994746133509,0.018387655853332806,0.74375,0.042665120414690005,0.8174107142857144,0.014963017760806285,0.05742434904996483,0.040669763094530284,0.03455882352941177,0.060549137870706406
0.75,decaf_DP,0.907964834214023,0.005806461701089709,0.7325,0.07483314773547883,0.8135714285714286,0.03479577809834677,0.08737977949800613,0.128182112224018,0.013970588235294113,0.030926089477666303
1,decaf_DP,0.9059864029480147,0.011438781107828352,0.6675,0.08388980867781257,0.7846428571428572,0.03936639442727876,0.17553366174055832,0.13839426546965497,0.1161764705882353,0.1256815330542441
