bias,name,precision_mean,precision_std,recall_mean,recall_std,auroc_mean,auroc_std,dp_mean,dp_std,ftu_mean,ftu_std
0,decaf_nd,0.9060178862771165,0.008517624460610357,0.72875,0.06325790464439998,0.8108035714285714,0.031628952322200025,0.09146141215106736,0.1032782116643265,0.05441176470588236,0.09249520702068464
0.25,decaf_nd,0.9032999245739278,0.014666092049113396,0.7275,0.06977642868476432,0.8083928571428572,0.03395722474297478,0.09439361951677225,0.11624633113060313,0.04191176470588236,0.048557255826761944
0.5,decaf_nd,0.9081661240366794,0.00795586611393721,0.7212500000000001,0.06824816847359348,0.8088392857142859,0.03257509475764249,0.10778794276331224,0.11553616207933196,0.03529411764705884,0.05510292351527998
0.75,decaf_nd,0.9104477611940298,0.0,0.7625,0.0,0.8276785714285715,0.0,0.03635937133474082,0.0,0.0014705882352941124,0.004411764705882337
1,decaf_nd,0.9115849441011766,0.003905255293871946,0.73375,0.03581637195473599,0.815982142857143,0.01461370137429749,0.08942059582453674,0.06656941400122486,0.04926470588235295,0.09660376836481971
