precision_mean,precision_std,recall_mean,recall_std,auroc_mean,auroc_std,dp_mean,dp_std,ftu_mean,ftu_std
0.0,0.0,0.0,0.0,0.5,0.0,0.0,0.0,0.0,0.0
0.0,0.0,0.0,0.0,0.5,0.0,0.0,0.0,0.0,0.0
0.0,0.0,0.0,0.0,0.5,0.0,0.0,0.0,0.0,0.0
0.0,0.0,0.0,0.0,0.5,0.0,0.0,0.0,0.0,0.0
0.0,0.0,0.0,0.0,0.4928571428571429,0.017202277969703285,0.017241379246115685,0.04152274131774902,0.0117647061124444,0.024651551619172096
