precision_mean,precision_std,recall_mean,recall_std,auroc_mean,auroc_std,dp_mean,dp_std,ftu_mean,ftu_std
0.0,0.0,0.0,0.0,0.5,0.0,0.0,0.0,0.0,0.0
0.0,0.0,0.0,0.0,0.5,0.0,0.0,0.0,0.0,0.0
0.0,0.0,0.0,0.0,0.5,0.0,0.0,0.0,0.0,0.0
0.0,0.0,0.0,0.0,0.5,0.0,0.0,0.0,0.0,0.0
0.03,0.09,0.00967741935483871,0.029032258064516134,0.4938863287250384,0.013761040497291929,0.020314332097768784,0.02851996012032032,0.019117647781968117,0.03140317276120186
